{"cameraMode":{"drawMode":0,"name":"Shaded","section":"Shading Mode"},"sceneLighting":false,"audioPlay":false,"sceneViewState":{"m_AlwaysRefresh":false,"showFog":true,"showSkybox":false,"showFlares":true,"showImageEffects":true,"showParticleSystems":true,"showVisualEffectGraphs":true,"m_FxEnabled":true},"in2DMode":false,"pivot":{"x":-37.37412643432617,"y":2.662794589996338,"z":4.0844035148620609},"rotation":{"x":-0.36494967341423037,"y":0.027405986562371255,"z":-0.010643054731190205,"w":-0.9303966760635376},"size":2.1731619834899904,"orthographic":false}