{"cameraMode":{"drawMode":0,"name":"Shaded","section":"Shading Mode"},"sceneLighting":false,"audioPlay":false,"sceneViewState":{"m_AlwaysRefresh":false,"showFog":true,"showSkybox":false,"showFlares":true,"showImageEffects":true,"showParticleSystems":true,"showVisualEffectGraphs":true,"m_FxEnabled":true},"in2DMode":false,"pivot":{"x":-49.11457824707031,"y":49.22504425048828,"z":-35.36619567871094},"rotation":{"x":0.1880272924900055,"y":0.03082156553864479,"z":-0.0064942361786961559,"w":0.9814292788505554},"size":0.8660253882408142,"orthographic":false}